ticker,exchange,alias,asset_type,currency
0001A0,KQ,덕양에너젠,Stock,KRW
000250,KQ,삼천당제약,Stock,KRW
000440,KQ,중앙에너비스,Stock,KRW
0004V0,KQ,엔비알모션,Stock,KRW
0004Y0,KQ,디비금융제14호스팩,Stock,KRW
0007C0,KQ,아크릴,Stock,KRW
0007J0,KQ,인벤테라,Stock,KRW
0008Z0,KQ,에스엔시스,Stock,KRW
0009K0,KQ,에임드바이오,Stock,KRW
001000,KQ,신라섬유,Stock,KRW
0010F0,KQ,보원케미칼,Stock,KRW
0010V0,KQ,제이피아이헬스케어,Stock,KRW
0011A0,KQ,액스비스,Stock,KRW
0011T0,KQ,채비,Stock,KRW
0013V0,KQ,삼진식품,Stock,KRW
001540,KQ,안국약품,Stock,KRW
0015G0,KQ,그린광학,Stock,KRW
0015N0,KQ,아로마티카,Stock,KRW
0015S0,KQ,페스카로,Stock,KRW
001810,KQ,무림SP,Stock,KRW
001840,KQ,이화공영,Stock,KRW
002230,KQ,피에스텍,Stock,KRW
002290,KQ,삼일기업공사,Stock,KRW
002680,KQ,한탑,Stock,KRW
002800,KQ,신신제약,Stock,KRW
003100,KQ,선광,Stock,KRW
003310,KQ,대주산업,Stock,KRW
003380,KQ,하림지주,Stock,KRW
0037T0,KQ,KB제32호스팩,Stock,KRW
003800,KQ,에이스침대,Stock,KRW
0041B0,KQ,교보18호스팩,Stock,KRW
0041J0,KQ,엘에스스팩1호,Stock,KRW
0041L0,KQ,하나35호스팩,Stock,KRW
0044K0,KQ,삼성스팩10호,Stock,KRW
004590,KQ,한국가구,Stock,KRW
004650,KQ,창해에탄올,Stock,KRW
004780,KQ,대륙제관,Stock,KRW
005160,KQ,동국산업,Stock,KRW
005290,KQ,동진쎄미켐,Stock,KRW
0054V0,KQ,엔에이치스팩32호,Stock,KRW
005670,KQ,푸드웰,Stock,KRW
005710,KQ,대원산업,Stock,KRW
005860,KQ,한일사료,Stock,KRW
005990,KQ,매일홀딩스,Stock,KRW
006050,KQ,국영지앤엠,Stock,KRW
006140,KQ,피제이전자,Stock,KRW
006620,KQ,동구바이오제약,Stock,KRW
006730,KQ,서부T&D,Stock,KRW
0068Y0,KQ,비엔케이제3호스팩,Stock,KRW
006910,KQ,보성파워텍,Stock,KRW
006920,KQ,모헨즈,Stock,KRW
0071M0,KQ,삼성스팩11호,Stock,KRW
0072Z0,KQ,KB제33호스팩,Stock,KRW
007330,KQ,푸른저축은행,Stock,KRW
007370,KQ,진양제약,Stock,KRW
007390,KQ,네이처셀,Stock,KRW
007530,KQ,와이엠,Stock,KRW
007680,KQ,대원,Stock,KRW
007720,KQ,소노스퀘어,Stock,KRW
007770,KQ,한일화학,Stock,KRW
007820,KQ,엠엑스로보틱스,Stock,KRW
008290,KQ,원풍물산,Stock,KRW
0082N0,KQ,카나프테라퓨틱스,Stock,KRW
008370,KQ,원풍,Stock,KRW
008470,KQ,부스타,Stock,KRW
008830,KQ,대동기어,Stock,KRW
0088D0,KQ,메리츠제1호스팩,Stock,KRW
0088M0,KQ,메쥬,Stock,KRW
0091W0,KQ,신영스팩11호,Stock,KRW
009300,KQ,삼아제약,Stock,KRW
0093G0,KQ,미래에셋비전스팩8호,Stock,KRW
009520,KQ,포스코엠텍,Stock,KRW
009620,KQ,삼보산업,Stock,KRW
0096B0,KQ,삼성스팩12호,Stock,KRW
0096D0,KQ,미래에셋비전스팩9호,Stock,KRW
009730,KQ,이렘,Stock,KRW
009780,KQ,엠에스씨,Stock,KRW
0097F0,KQ,미래에셋비전스팩10호,Stock,KRW
0098T0,KQ,교보19호스팩,Stock,KRW
0099W0,KQ,미래에셋비전스팩11호,Stock,KRW
0099X0,KQ,IBKS제25호스팩,Stock,KRW
010170,KQ,대한광통신,Stock,KRW
0101C0,KQ,하나36호스팩,Stock,KRW
010240,KQ,흥국,Stock,KRW
010280,KQ,아이티센엔텍,Stock,KRW
010470,KQ,오리콤,Stock,KRW
0105P0,KQ,유진스팩12호,Stock,KRW
011040,KQ,경동제약,Stock,KRW
011080,KQ,형지I&C,Stock,KRW
011320,KQ,유니크,Stock,KRW
011370,KQ,서한,Stock,KRW
011560,KQ,세보엠이씨,Stock,KRW
0115H0,KQ,삼성스팩13호,Stock,KRW
012210,KQ,삼미금속,Stock,KRW
012340,KQ,뉴인텍,Stock,KRW
012620,KQ,원일특강,Stock,KRW
012700,KQ,리드코프,Stock,KRW
012790,KQ,신일제약,Stock,KRW
012860,KQ,모베이스전자,Stock,KRW
0129K0,KQ,신한제18호스팩,Stock,KRW
013030,KQ,하이록코리아,Stock,KRW
0130D0,KQ,신한제17호스팩,Stock,KRW
0130H0,KQ,엔에이치스팩33호,Stock,KRW
013120,KQ,동원개발,Stock,KRW
0131D0,KQ,키움히어로제2호스팩,Stock,KRW
0132G0,KQ,교보20호스팩,Stock,KRW
013310,KQ,아진산업,Stock,KRW
013720,KQ,THE CUBE&,Stock,KRW
013810,KQ,스페코,Stock,KRW
013990,KQ,아가방컴퍼니,Stock,KRW
014100,KQ,메디앙스,Stock,KRW
014190,KQ,원익큐브,Stock,KRW
014470,KQ,부방,Stock,KRW
014570,KQ,고려제약,Stock,KRW
014620,KQ,성광벤드,Stock,KRW
014940,KQ,오리엔탈정공,Stock,KRW
014950,KQ,삼익제약,Stock,KRW
014970,KQ,삼륭물산,Stock,KRW
015710,KQ,코콤,Stock,KRW
015750,KQ,성우하이텍,Stock,KRW
016100,KQ,리더스코스메틱,Stock,KRW
016250,KQ,SGC E&C,Stock,KRW
016600,KQ,큐캐피탈,Stock,KRW
016670,KQ,디모아,Stock,KRW
016790,KQ,현대사료,Stock,KRW
016920,KQ,카스,Stock,KRW
017000,KQ,신원종합개발,Stock,KRW
017250,KQ,인터엠,Stock,KRW
017480,KQ,삼현철강,Stock,KRW
017510,KQ,세명전기,Stock,KRW
017650,KQ,대림제지,Stock,KRW
017890,KQ,한국알콜,Stock,KRW
018000,KQ,유니슨,Stock,KRW
018120,KQ,진로발효,Stock,KRW
018290,KQ,브이티,Stock,KRW
018310,KQ,삼목에스폼,Stock,KRW
018620,KQ,우진비앤지,Stock,KRW
018680,KQ,서울제약,Stock,KRW
018700,KQ,졸스,Stock,KRW
019010,KQ,베뉴지,Stock,KRW
019210,KQ,와이지-원,Stock,KRW
019540,KQ,일지테크,Stock,KRW
019550,KQ,SBI인베스트먼트,Stock,KRW
019570,KQ,플루토스,Stock,KRW
019660,KQ,글로본,Stock,KRW
019770,KQ,서연탑메탈,Stock,KRW
019990,KQ,에너토크,Stock,KRW
020180,KQ,대신정보통신,Stock,KRW
020400,KQ,대동금속,Stock,KRW
020710,KQ,시공테크,Stock,KRW
021040,KQ,대호특수강,Stock,KRW
021045,KQ,대호특수강우,Stock,KRW
021080,KQ,에이티넘인베스트,Stock,KRW
021320,KQ,KCC건설,Stock,KRW
021650,KQ,한국큐빅,Stock,KRW
021880,KQ,메이슨캐피탈,Stock,KRW
022220,KQ,티케이지애강,Stock,KRW
023160,KQ,태광,Stock,KRW
023410,KQ,유진기업,Stock,KRW
023440,KQ,제이스코홀딩스,Stock,KRW
023600,KQ,삼보판지,Stock,KRW
023760,KQ,한국캐피탈,Stock,KRW
023770,KQ,플레이위드,Stock,KRW
023790,KQ,동일스틸럭스,Stock,KRW
023900,KQ,풍국주정,Stock,KRW
023910,KQ,대한약품,Stock,KRW
024060,KQ,흥구석유,Stock,KRW
024120,KQ,KB오토시스,Stock,KRW
024740,KQ,한일단조,Stock,KRW
024800,KQ,유성티엔에스,Stock,KRW
024830,KQ,세원물산,Stock,KRW
024840,KQ,KBI메탈,Stock,KRW
024850,KQ,HLB이노베이션,Stock,KRW
024880,KQ,케이피에프,Stock,KRW
024910,KQ,경창산업,Stock,KRW
024940,KQ,PN풍년,Stock,KRW
024950,KQ,삼천리자전거,Stock,KRW
025320,KQ,시노펙스,Stock,KRW
025440,KQ,DH오토웨어,Stock,KRW
025550,KQ,한국선재,Stock,KRW
025770,KQ,한국정보통신,Stock,KRW
025870,KQ,신라에스지,Stock,KRW
025880,KQ,케이씨피드,Stock,KRW
025900,KQ,동화기업,Stock,KRW
025950,KQ,동신건설,Stock,KRW
025980,KQ,아난티,Stock,KRW
026040,KQ,제이에스티나,Stock,KRW
026150,KQ,특수건설,Stock,KRW
026910,KQ,광진실업,Stock,KRW
027040,KQ,서울전자통신,Stock,KRW
027050,KQ,코리아나,Stock,KRW
027360,KQ,아주IB투자,Stock,KRW
027580,KQ,상보,Stock,KRW
027710,KQ,팜스토리,Stock,KRW
027830,KQ,대성창투,Stock,KRW
028080,KQ,휴맥스홀딩스,Stock,KRW
028300,KQ,HLB,Stock,KRW
029480,KQ,광무,Stock,KRW
030350,KQ,드래곤플라이,Stock,KRW
030520,KQ,한글과컴퓨터,Stock,KRW
030530,KQ,원익홀딩스,Stock,KRW
030960,KQ,양지사,Stock,KRW
031310,KQ,아이즈비전,Stock,KRW
031330,KQ,에스에이엠티,Stock,KRW
031510,KQ,오스템,Stock,KRW
031860,KQ,디에이치엑스컴퍼니,Stock,KRW
031980,KQ,피에스케이홀딩스,Stock,KRW
032080,KQ,아즈텍WB,Stock,KRW
032190,KQ,다우데이타,Stock,KRW
032280,KQ,삼일,Stock,KRW
032300,KQ,한국파마,Stock,KRW
032500,KQ,케이엠더블유,Stock,KRW
032540,KQ,TJ미디어,Stock,KRW
032580,KQ,피델릭스,Stock,KRW
032620,KQ,GC메디아이,Stock,KRW
032680,KQ,소프트센,Stock,KRW
032685,KQ,소프트센우,Stock,KRW
032750,KQ,삼진,Stock,KRW
032790,KQ,엠젠솔루션,Stock,KRW
032800,KQ,판타지오,Stock,KRW
032820,KQ,우리기술,Stock,KRW
032850,KQ,비트컴퓨터,Stock,KRW
032860,KQ,더라미,Stock,KRW
032940,KQ,원익,Stock,KRW
032960,KQ,동일기연,Stock,KRW
032980,KQ,바이온,Stock,KRW
033050,KQ,제이엠아이,Stock,KRW
033100,KQ,제룡전기,Stock,KRW
033130,KQ,디지틀조선,Stock,KRW
033160,KQ,엠케이전자,Stock,KRW
033170,KQ,시그네틱스,Stock,KRW
033200,KQ,모아텍,Stock,KRW
033230,KQ,인성정보,Stock,KRW
033290,KQ,로젠,Stock,KRW
033310,KQ,엠투엔,Stock,KRW
033320,KQ,제이씨현시스템,Stock,KRW
033340,KQ,좋은사람들,Stock,KRW
033500,KQ,동성화인텍,Stock,KRW
033540,KQ,파라텍,Stock,KRW
033560,KQ,블루콤,Stock,KRW
033640,KQ,네패스,Stock,KRW
033790,KQ,피노,Stock,KRW
033830,KQ,티비씨,Stock,KRW
034810,KQ,해성산업,Stock,KRW
03481K,KQ,해성산업1우,Stock,KRW
034940,KQ,조아제약,Stock,KRW
034950,KQ,한국기업평가,Stock,KRW
035080,KQ,그래디언트,Stock,KRW
035200,KQ,프럼파스트,Stock,KRW
035290,KQ,골드앤에스,Stock,KRW
035460,KQ,기산텔레콤,Stock,KRW
035600,KQ,KG이니시스,Stock,KRW
035610,KQ,솔본,Stock,KRW
035620,KQ,바른손이앤에이,Stock,KRW
035760,KQ,CJ ENM,Stock,KRW
035810,KQ,이지홀딩스,Stock,KRW
035890,KQ,서희건설,Stock,KRW
035900,KQ,JYP Ent.,Stock,KRW
036000,KQ,예림당,Stock,KRW
036010,KQ,아비코전자,Stock,KRW
036030,KQ,케이티알파,Stock,KRW
036090,KQ,위지트,Stock,KRW
036120,KQ,서울평가정보,Stock,KRW
036170,KQ,에이치엠넥스,Stock,KRW
036190,KQ,금화피에스시,Stock,KRW
036200,KQ,유니셈,Stock,KRW
036220,KQ,오상헬스케어,Stock,KRW
036480,KQ,대성미생물,Stock,KRW
036540,KQ,SFA반도체,Stock,KRW
036560,KQ,KZ정밀,Stock,KRW
036620,KQ,감성코퍼레이션,Stock,KRW
036630,KQ,세종텔레콤,Stock,KRW
036640,KQ,HRS,Stock,KRW
036670,KQ,삼양케이씨아이,Stock,KRW
036690,KQ,코맥스,Stock,KRW
036710,KQ,심텍홀딩스,Stock,KRW
036800,KQ,나이스정보통신,Stock,KRW
036810,KQ,에프에스티,Stock,KRW
036830,KQ,솔브레인홀딩스,Stock,KRW
036890,KQ,진성티이씨,Stock,KRW
036930,KQ,주성엔지니어링,Stock,KRW
037030,KQ,파워넷,Stock,KRW
037070,KQ,파세코,Stock,KRW
037230,KQ,한국팩키지,Stock,KRW
037330,KQ,인지디스플레,Stock,KRW
037350,KQ,성도이엔지,Stock,KRW
037370,KQ,EG,Stock,KRW
037400,KQ,우리엔터프라이즈,Stock,KRW
037440,KQ,희림,Stock,KRW
037460,KQ,삼지전자,Stock,KRW
037760,KQ,쎄니트,Stock,KRW
037950,KQ,엘컴텍,Stock,KRW
038010,KQ,제일테크노스,Stock,KRW
038060,KQ,루멘스,Stock,KRW
038070,KQ,서린바이오,Stock,KRW
038110,KQ,에코플라스틱,Stock,KRW
038290,KQ,마크로젠,Stock,KRW
038390,KQ,레드캡투어,Stock,KRW
038460,KQ,바이오스마트,Stock,KRW
038500,KQ,삼표시멘트,Stock,KRW
038530,KQ,케이바이오랩스,Stock,KRW
038540,KQ,상상인,Stock,KRW
038620,KQ,위즈코프,Stock,KRW
038680,KQ,에스넷,Stock,KRW
038870,KQ,에코심플렉스,Stock,KRW
038880,KQ,아이에이,Stock,KRW
038950,KQ,파인디지털,Stock,KRW
039010,KQ,현대에이치티,Stock,KRW
039020,KQ,이건홀딩스,Stock,KRW
039030,KQ,이오테크닉스,Stock,KRW
039200,KQ,오스코텍,Stock,KRW
039240,KQ,경남스틸,Stock,KRW
039290,KQ,인포뱅크,Stock,KRW
039310,KQ,세중,Stock,KRW
039340,KQ,한국경제TV,Stock,KRW
039420,KQ,케이엘넷,Stock,KRW
039440,KQ,에스티아이,Stock,KRW
039560,KQ,다산네트웍스,Stock,KRW
039610,KQ,화성밸브,Stock,KRW
039740,KQ,한국정보공학,Stock,KRW
039830,KQ,오로라,Stock,KRW
039840,KQ,디오,Stock,KRW
039860,KQ,나노엔텍,Stock,KRW
039980,KQ,폴라리스AI,Stock,KRW
040160,KQ,누리플렉스,Stock,KRW
040300,KQ,YTN,Stock,KRW
040350,KQ,크레오에스지,Stock,KRW
040420,KQ,정상제이엘에스,Stock,KRW
040610,KQ,SG&G,Stock,KRW
040910,KQ,아이씨디,Stock,KRW
041020,KQ,폴라리스오피스,Stock,KRW
041190,KQ,우리기술투자,Stock,KRW
041440,KQ,현대에버다임,Stock,KRW
041460,KQ,한국전자인증,Stock,KRW
041510,KQ,에스엠,Stock,KRW
041520,KQ,이엘씨,Stock,KRW
041590,KQ,플래스크,Stock,KRW
041830,KQ,인바디,Stock,KRW
041910,KQ,폴라리스AI파마,Stock,KRW
041920,KQ,메디아나,Stock,KRW
041930,KQ,SY동아,Stock,KRW
041960,KQ,코미팜,Stock,KRW
042000,KQ,카페24,Stock,KRW
042040,KQ,케이피엠테크,Stock,KRW
042110,KQ,에스씨디,Stock,KRW
042370,KQ,비츠로테크,Stock,KRW
042420,KQ,네오위즈홀딩스,Stock,KRW
042500,KQ,링네트,Stock,KRW
042510,KQ,라온시큐어,Stock,KRW
042520,KQ,한스바이오메드,Stock,KRW
042600,KQ,새로닉스,Stock,KRW
042940,KQ,상지건설,Stock,KRW
043090,KQ,더테크놀로지,Stock,KRW
043100,KQ,알파AI,Stock,KRW
043150,KQ,바텍,Stock,KRW
043200,KQ,파루,Stock,KRW
043220,KQ,티에스넥스젠,Stock,KRW
043260,KQ,성호전자,Stock,KRW
043340,KQ,에쎈테크,Stock,KRW
043360,KQ,디지아이,Stock,KRW
043370,KQ,피에이치에이,Stock,KRW
043590,KQ,웰킵스하이텍,Stock,KRW
043610,KQ,KT지니뮤직,Stock,KRW
043650,KQ,국순당,Stock,KRW
043710,KQ,코스리거글로벌,Stock,KRW
043910,KQ,자연과환경,Stock,KRW
044180,KQ,KD,Stock,KRW
044340,KQ,위닉스,Stock,KRW
044480,KQ,빌리언스,Stock,KRW
044490,KQ,태웅,Stock,KRW
044780,KQ,에이치케이,Stock,KRW
044960,KQ,이글벳,Stock,KRW
044990,KQ,에이치엔에스하이텍,Stock,KRW
045060,KQ,오공,Stock,KRW
045100,KQ,한양이엔지,Stock,KRW
045300,KQ,성우테크론,Stock,KRW
045340,KQ,토탈소프트,Stock,KRW
045390,KQ,대아티아이,Stock,KRW
045510,KQ,정원엔시스,Stock,KRW
045520,KQ,크린앤사이언스,Stock,KRW
045660,KQ,에이텍,Stock,KRW
045970,KQ,코아시아,Stock,KRW
046070,KQ,코다코,Stock,KRW
046120,KQ,오르비텍,Stock,KRW
046210,KQ,HLB파나진,Stock,KRW
046310,KQ,백금T&A,Stock,KRW
046390,KQ,삼화네트웍스,Stock,KRW
046440,KQ,KG파이낸셜,Stock,KRW
046890,KQ,서울반도체,Stock,KRW
046940,KQ,우원개발,Stock,KRW
046970,KQ,우리로,Stock,KRW
047080,KQ,한빛소프트,Stock,KRW
047310,KQ,파워로직스,Stock,KRW
047560,KQ,이스트소프트,Stock,KRW
047770,KQ,코데즈컴바인,Stock,KRW
047820,KQ,초록뱀미디어,Stock,KRW
047920,KQ,HLB제약,Stock,KRW
048410,KQ,현대바이오,Stock,KRW
048430,KQ,유라테크,Stock,KRW
048470,KQ,대동스틸,Stock,KRW
048530,KQ,인트론바이오,Stock,KRW
048550,KQ,SM C&C,Stock,KRW
048770,KQ,TPC로보틱스,Stock,KRW
048830,KQ,엔피케이,Stock,KRW
048870,KQ,시너지이노베이션,Stock,KRW
048910,KQ,대원미디어,Stock,KRW
049070,KQ,인탑스,Stock,KRW
049080,KQ,기가레인,Stock,KRW
049120,KQ,파인디앤씨,Stock,KRW
049180,KQ,셀루메드,Stock,KRW
049430,KQ,코메론,Stock,KRW
049470,KQ,비트플래닛,Stock,KRW
049480,KQ,오픈베이스,Stock,KRW
049520,KQ,유아이엘,Stock,KRW
049550,KQ,잉크테크,Stock,KRW
049630,KQ,재영솔루텍,Stock,KRW
049720,KQ,고려신용정보,Stock,KRW
049830,KQ,승일,Stock,KRW
049950,KQ,미래컴퍼니,Stock,KRW
049960,KQ,쎌바이오텍,Stock,KRW
050090,KQ,비케이홀딩스,Stock,KRW
050110,KQ,캠시스,Stock,KRW
050120,KQ,ES큐브,Stock,KRW
050760,KQ,에스폴리텍,Stock,KRW
050860,KQ,아세아텍,Stock,KRW
050890,KQ,쏠리드,Stock,KRW
050960,KQ,수산아이앤티,Stock,KRW
051160,KQ,지어소프트,Stock,KRW
051360,KQ,토비스,Stock,KRW
051370,KQ,인터플렉스,Stock,KRW
051380,KQ,피씨디렉트,Stock,KRW
051390,KQ,YW,Stock,KRW
051490,KQ,나라엠앤디,Stock,KRW
051500,KQ,CJ프레시웨이,Stock,KRW
051780,KQ,큐로홀딩스,Stock,KRW
051980,KQ,중앙첨단소재,Stock,KRW
052020,KQ,에스티큐브,Stock,KRW
052220,KQ,iMBC,Stock,KRW
052260,KQ,현대바이오랜드,Stock,KRW
052300,KQ,오션인더블유,Stock,KRW
052330,KQ,코텍,Stock,KRW
052400,KQ,코나아이,Stock,KRW
052420,KQ,오성첨단소재,Stock,KRW
052460,KQ,아이크래프트,Stock,KRW
052600,KQ,한네트,Stock,KRW
052710,KQ,아모텍,Stock,KRW
052770,KQ,아이톡시,Stock,KRW
052790,KQ,액토즈소프트,Stock,KRW
052860,KQ,아이앤씨,Stock,KRW
052900,KQ,KX하이텍,Stock,KRW
053030,KQ,바이넥스,Stock,KRW
053050,KQ,지에스이,Stock,KRW
053060,KQ,세동,Stock,KRW
053080,KQ,케이엔솔,Stock,KRW
053160,KQ,프리엠스,Stock,KRW
053260,KQ,금강철강,Stock,KRW
053270,KQ,구영테크,Stock,KRW
053280,KQ,예스24,Stock,KRW
053290,KQ,NE능률,Stock,KRW
053300,KQ,한국정보인증,Stock,KRW
053350,KQ,이니텍,Stock,KRW
053450,KQ,세코닉스,Stock,KRW
053580,KQ,웹케시,Stock,KRW
053610,KQ,프로텍,Stock,KRW
053620,KQ,태양,Stock,KRW
053700,KQ,삼보모터스,Stock,KRW
053800,KQ,안랩,Stock,KRW
053950,KQ,경남제약,Stock,KRW
053980,KQ,오상자이엘,Stock,KRW
054040,KQ,한국컴퓨터,Stock,KRW
054050,KQ,NH농우바이오,Stock,KRW
054090,KQ,삼진엘앤디,Stock,KRW
054180,KQ,메디콕스,Stock,KRW
054210,KQ,이랜텍,Stock,KRW
054220,KQ,비츠로시스,Stock,KRW
054300,KQ,팬스타엔터프라이즈,Stock,KRW
054410,KQ,케이피티유,Stock,KRW
054450,KQ,텔레칩스,Stock,KRW
054540,KQ,삼영엠텍,Stock,KRW
054620,KQ,APS,Stock,KRW
054670,KQ,대한뉴팜,Stock,KRW
054780,KQ,키이스트,Stock,KRW
054800,KQ,아이디스홀딩스,Stock,KRW
054920,KQ,한컴위드,Stock,KRW
054930,KQ,유신,Stock,KRW
054940,KQ,엑사이엔씨,Stock,KRW
054950,KQ,제이브이엠,Stock,KRW
056080,KQ,유진로봇,Stock,KRW
056090,KQ,시지메드텍,Stock,KRW
056190,KQ,에스에프에이,Stock,KRW
056360,KQ,코위버,Stock,KRW
056700,KQ,신화인터텍,Stock,KRW
056730,KQ,CNT85,Stock,KRW
057030,KQ,YBM넷,Stock,KRW
057540,KQ,옴니시스템,Stock,KRW
057680,KQ,티사이언티픽,Stock,KRW
058110,KQ,멕아이씨에스,Stock,KRW
058400,KQ,KNN,Stock,KRW
058450,KQ,한주에이알티,Stock,KRW
058470,KQ,리노공업,Stock,KRW
058610,KQ,에스피지,Stock,KRW
058630,KQ,엠게임,Stock,KRW
058820,KQ,CMG제약,Stock,KRW
058970,KQ,엠로,Stock,KRW
059090,KQ,미코,Stock,KRW
059100,KQ,아이컴포넌트,Stock,KRW
059120,KQ,아진엑스텍,Stock,KRW
059210,KQ,메타바이오메드,Stock,KRW
059270,KQ,해성에어로보틱스,Stock,KRW
060150,KQ,인선이엔티,Stock,KRW
060230,KQ,제이케이시냅스,Stock,KRW
060240,KQ,스타코링크,Stock,KRW
060250,KQ,NHN KCP,Stock,KRW
060260,KQ,뉴보텍,Stock,KRW
060280,KQ,큐렉소,Stock,KRW
060310,KQ,3S,Stock,KRW
060370,KQ,LS마린솔루션,Stock,KRW
060380,KQ,동양에스텍,Stock,KRW
060480,KQ,국일신동,Stock,KRW
060540,KQ,에스에이티,Stock,KRW
060560,KQ,HC홈센타,Stock,KRW
060570,KQ,드림어스컴퍼니,Stock,KRW
060590,KQ,씨티씨바이오,Stock,KRW
060720,KQ,KH바텍,Stock,KRW
060850,KQ,영림원소프트랩,Stock,KRW
060900,KQ,에이전트AI,Stock,KRW
061040,KQ,알에프텍,Stock,KRW
061090,KQ,세나테크놀로지,Stock,KRW
061250,KQ,화일약품,Stock,KRW
061970,KQ,LB세미콘,Stock,KRW
062970,KQ,한국첨단소재,Stock,KRW
063080,KQ,컴투스홀딩스,Stock,KRW
063170,KQ,서울옥션,Stock,KRW
063440,KQ,SM Life Design,Stock,KRW
063570,KQ,NICE인프라,Stock,KRW
063760,KQ,이엘피,Stock,KRW
064090,KQ,인크레더블버즈,Stock,KRW
064240,KQ,홈캐스트,Stock,KRW
064260,KQ,다날,Stock,KRW
064290,KQ,인텍플러스,Stock,KRW
064480,KQ,브리지텍,Stock,KRW
064520,KQ,테크엘,Stock,KRW
064550,KQ,바이오니아,Stock,KRW
064760,KQ,티씨케이,Stock,KRW
064800,KQ,포니링크,Stock,KRW
064820,KQ,케이프,Stock,KRW
064850,KQ,에프앤가이드,Stock,KRW
065060,KQ,지엔코,Stock,KRW
065130,KQ,탑엔지니어링,Stock,KRW
065150,KQ,대산F&B,Stock,KRW
065170,KQ,비엘팜텍,Stock,KRW
065350,KQ,신성델타테크,Stock,KRW
065370,KQ,위세아이텍,Stock,KRW
065420,KQ,에스아이리소스,Stock,KRW
065440,KQ,이루온,Stock,KRW
065450,KQ,빅텍,Stock,KRW
065500,KQ,오리엔트정공,Stock,KRW
065510,KQ,휴비츠,Stock,KRW
065530,KQ,와이어블,Stock,KRW
065570,KQ,삼영이엔씨,Stock,KRW
065650,KQ,하이퍼코퍼레이션,Stock,KRW
065660,KQ,안트로젠,Stock,KRW
065680,KQ,우주일렉트로,Stock,KRW
065690,KQ,파커스,Stock,KRW
065710,KQ,서호전기,Stock,KRW
065770,KQ,CS,Stock,KRW
065950,KQ,웰크론,Stock,KRW
066130,KQ,하츠,Stock,KRW
066310,KQ,큐에스아이,Stock,KRW
066360,KQ,체리부로,Stock,KRW
066410,KQ,버킷스튜디오,Stock,KRW
066430,KQ,아이로보틱스,Stock,KRW
066590,KQ,스모트로닉,Stock,KRW
066620,KQ,국보디자인,Stock,KRW
066670,KQ,디티씨,Stock,KRW
066700,KQ,테라젠이텍스,Stock,KRW
066790,KQ,씨씨에스,Stock,KRW
066900,KQ,디에이피,Stock,KRW
066910,KQ,손오공,Stock,KRW
066980,KQ,한성크린텍,Stock,KRW
067000,KQ,조이시티,Stock,KRW
067010,KQ,이씨에스,Stock,KRW
067080,KQ,대화제약,Stock,KRW
067160,KQ,SOOP,Stock,KRW
067170,KQ,오텍,Stock,KRW
067280,KQ,멀티캠퍼스,Stock,KRW
067290,KQ,JW신약,Stock,KRW
067310,KQ,하나마이크론,Stock,KRW
067370,KQ,선바이오,Stock,KRW
067390,KQ,아스트,Stock,KRW
067570,KQ,엔브이에이치코리아,Stock,KRW
067630,KQ,HLB생명과학,Stock,KRW
067730,KQ,로지시스,Stock,KRW
067770,KQ,세진티에스,Stock,KRW
067900,KQ,와이엔텍,Stock,KRW
067920,KQ,이글루,Stock,KRW
067990,KQ,도이치모터스,Stock,KRW
068050,KQ,팬엔터테인먼트,Stock,KRW
068100,KQ,케이웨더,Stock,KRW
068240,KQ,다원시스,Stock,KRW
068330,KQ,일신바이오,Stock,KRW
068760,KQ,셀트리온제약,Stock,KRW
068790,KQ,DMS,Stock,KRW
068930,KQ,디지털대성,Stock,KRW
068940,KQ,셀피글로벌,Stock,KRW
069080,KQ,웹젠,Stock,KRW
069140,KQ,누리플랜,Stock,KRW
069330,KQ,유아이디,Stock,KRW
069410,KQ,엔텔스,Stock,KRW
069510,KQ,에스텍,Stock,KRW
069540,KQ,빛과전자,Stock,KRW
069920,KQ,엑시온그룹,Stock,KRW
070300,KQ,엑스큐어,Stock,KRW
070590,KQ,인티큐브,Stock,KRW
071200,KQ,인피니트헬스케어,Stock,KRW
071280,KQ,로체시스템즈,Stock,KRW
071670,KQ,에이테크솔루션,Stock,KRW
071850,KQ,캐스텍코리아,Stock,KRW
072020,KQ,중앙백신,Stock,KRW
072470,KQ,우리산업홀딩스,Stock,KRW
072770,KQ,멤레이비티,Stock,KRW
072870,KQ,메가스터디,Stock,KRW
072950,KQ,빛샘전자,Stock,KRW
072990,KQ,에이치시티,Stock,KRW
073010,KQ,케이에스피,Stock,KRW
073110,KQ,엘엠에스,Stock,KRW
073190,KQ,듀오백,Stock,KRW
073490,KQ,LIG아큐버,Stock,KRW
073540,KQ,에프알텍,Stock,KRW
073560,KQ,우리손에프앤지,Stock,KRW
073570,KQ,리튬포어스,Stock,KRW
073640,KQ,테라사이언스,Stock,KRW
074430,KQ,아미노로직스,Stock,KRW
074600,KQ,원익QnC,Stock,KRW
075130,KQ,플랜티넷,Stock,KRW
075970,KQ,동국알앤에스,Stock,KRW
076080,KQ,웰크론한텍,Stock,KRW
076610,KQ,해성옵틱스,Stock,KRW
077360,KQ,덕산하이메탈,Stock,KRW
078020,KQ,LS증권,Stock,KRW
078070,KQ,유비쿼스홀딩스,Stock,KRW
078130,KQ,국일제지,Stock,KRW
078140,KQ,대봉엘에스,Stock,KRW
078150,KQ,HB테크놀러지,Stock,KRW
078160,KQ,메디포스트,Stock,KRW
078340,KQ,컴투스,Stock,KRW
078350,KQ,한양디지텍,Stock,KRW
078590,KQ,휴림에이텍,Stock,KRW
078600,KQ,대주전자재료,Stock,KRW
078860,KQ,아이오케이이엔엠,Stock,KRW
078890,KQ,가온그룹,Stock,KRW
079000,KQ,와토스코리아,Stock,KRW
079170,KQ,한창산업,Stock,KRW
079190,KQ,케스피온,Stock,KRW
079370,KQ,제우스,Stock,KRW
079650,KQ,서산,Stock,KRW
079810,KQ,APS이노베이션,Stock,KRW
079940,KQ,가비아,Stock,KRW
079950,KQ,인베니아,Stock,KRW
079960,KQ,동양이엔피,Stock,KRW
079970,KQ,투비소프트,Stock,KRW
080010,KQ,이상네트웍스,Stock,KRW
080160,KQ,모두투어,Stock,KRW
080220,KQ,제주반도체,Stock,KRW
080420,KQ,모다이노칩,Stock,KRW
080470,KQ,성창오토텍,Stock,KRW
080520,KQ,오디텍,Stock,KRW
080530,KQ,코디,Stock,KRW
080580,KQ,오킨스전자,Stock,KRW
080720,KQ,한국유니온제약,Stock,KRW
081150,KQ,티플랙스,Stock,KRW
081180,KQ,쎄크,Stock,KRW
081580,KQ,성우전자,Stock,KRW
082210,KQ,옵트론텍,Stock,KRW
082270,KQ,젬백스,Stock,KRW
082660,KQ,코스나인,Stock,KRW
082800,KQ,비보존 제약,Stock,KRW
082850,KQ,우리바이오,Stock,KRW
082920,KQ,비츠로셀,Stock,KRW
083310,KQ,엘오티베큠,Stock,KRW
083450,KQ,GST,Stock,KRW
083470,KQ,이엠앤아이,Stock,KRW
083500,KQ,에프엔에스테크,Stock,KRW
083550,KQ,케이엠,Stock,KRW
083640,KQ,인콘,Stock,KRW
083650,KQ,비에이치아이,Stock,KRW
083660,KQ,CSA 코스믹,Stock,KRW
083790,KQ,CG인바이츠,Stock,KRW
083930,KQ,아바코,Stock,KRW
084110,KQ,휴온스글로벌,Stock,KRW
084180,KQ,수성웹툰,Stock,KRW
084370,KQ,유진테크,Stock,KRW
084440,KQ,유비온,Stock,KRW
084650,KQ,랩지노믹스,Stock,KRW
084730,KQ,팅크웨어,Stock,KRW
084850,KQ,아이티엠반도체,Stock,KRW
084990,KQ,헬릭스미스,Stock,KRW
085660,KQ,차바이오텍,Stock,KRW
085670,KQ,뉴프렉스,Stock,KRW
085810,KQ,알티캐스트,Stock,KRW
085910,KQ,네오티스,Stock,KRW
086040,KQ,바이오톡스텍,Stock,KRW
086060,KQ,진바이오텍,Stock,KRW
086390,KQ,유니테스트,Stock,KRW
086450,KQ,동국제약,Stock,KRW
086520,KQ,에코프로,Stock,KRW
086670,KQ,비엠티,Stock,KRW
086710,KQ,선진뷰티사이언스,Stock,KRW
086820,KQ,바이오솔루션,Stock,KRW
086890,KQ,이수앱지스,Stock,KRW
086900,KQ,메디톡스,Stock,KRW
086960,KQ,MDS테크,Stock,KRW
086980,KQ,쇼박스,Stock,KRW
087010,KQ,펩트론,Stock,KRW
087260,KQ,모바일어플라이언스,Stock,KRW
087600,KQ,픽셀플러스,Stock,KRW
088130,KQ,동아엘텍,Stock,KRW
088280,KQ,쏘닉스,Stock,KRW
088290,KQ,이원컴포텍,Stock,KRW
088340,KQ,유라클,Stock,KRW
088390,KQ,이녹스,Stock,KRW
088800,KQ,에이스테크,Stock,KRW
088910,KQ,동우팜투테이블,Stock,KRW
089010,KQ,켐트로닉스,Stock,KRW
089030,KQ,테크윙,Stock,KRW
089140,KQ,넥스턴앤롤코리아,Stock,KRW
089150,KQ,케이씨티,Stock,KRW
089230,KQ,THE E&M,Stock,KRW
089600,KQ,KT나스미디어,Stock,KRW
089790,KQ,제이티,Stock,KRW
089850,KQ,유비벨록스,Stock,KRW
089890,KQ,코세스,Stock,KRW
089970,KQ,브이엠,Stock,KRW
089980,KQ,상아프론테크,Stock,KRW
090150,KQ,아이윈,Stock,KRW
090360,KQ,로보스타,Stock,KRW
090410,KQ,덕신이피씨,Stock,KRW
090470,KQ,제이스로보틱스,Stock,KRW
090710,KQ,휴림로봇,Stock,KRW
090850,KQ,현대이지웰,Stock,KRW
091120,KQ,이엠텍,Stock,KRW
091340,KQ,S&K폴리텍,Stock,KRW
091440,KQ,한울소재과학,Stock,KRW
091580,KQ,상신이디피,Stock,KRW
091590,KQ,남화토건,Stock,KRW
091700,KQ,파트론,Stock,KRW
091970,KQ,나노캠텍,Stock,KRW
092040,KQ,아미코젠,Stock,KRW
092070,KQ,디엔에프,Stock,KRW
092130,KQ,이크레더블,Stock,KRW
092190,KQ,서울바이오시스,Stock,KRW
092300,KQ,현우산업,Stock,KRW
092460,KQ,한라IMS,Stock,KRW
092600,KQ,앤씨앤,Stock,KRW
092730,KQ,네오팜,Stock,KRW
092870,KQ,엑시콘,Stock,KRW
093190,KQ,빅솔론,Stock,KRW
093320,KQ,케이아이엔엑스,Stock,KRW
093380,KQ,풍강,Stock,KRW
093520,KQ,매커스,Stock,KRW
093640,KQ,케이알엠,Stock,KRW
093920,KQ,서원인텍,Stock,KRW
094170,KQ,동운아나텍,Stock,KRW
094360,KQ,칩스앤미디어,Stock,KRW
094480,KQ,갤럭시아머니트리,Stock,KRW
094820,KQ,일진파워,Stock,KRW
094840,KQ,슈프리마에이치큐,Stock,KRW
094850,KQ,참좋은여행,Stock,KRW
094860,KQ,네오리진,Stock,KRW
094940,KQ,푸른로보틱스,Stock,KRW
094970,KQ,제이엠티,Stock,KRW
095190,KQ,신화프리텍,Stock,KRW
095270,KQ,웨이브일렉트로,Stock,KRW
095340,KQ,ISC,Stock,KRW
095500,KQ,미래나노텍,Stock,KRW
095610,KQ,테스,Stock,KRW
095660,KQ,네오위즈,Stock,KRW
095700,KQ,제넥신,Stock,KRW
095910,KQ,에스에너지,Stock,KRW
096240,KQ,크레버스,Stock,KRW
096250,KQ,와이즈넛,Stock,KRW
096350,KQ,대창솔루션,Stock,KRW
096530,KQ,씨젠,Stock,KRW
096610,KQ,알에프세미,Stock,KRW
096630,KQ,에스코넥,Stock,KRW
096690,KQ,에이루트,Stock,KRW
096870,KQ,엘디티,Stock,KRW
097780,KQ,에코볼트,Stock,KRW
097800,KQ,윈팩,Stock,KRW
097870,KQ,효성오앤비,Stock,KRW
098070,KQ,한텍,Stock,KRW
098120,KQ,마이크로컨텍솔,Stock,KRW
098460,KQ,고영,Stock,KRW
098660,KQ,에스티오,Stock,KRW
099190,KQ,아이센스,Stock,KRW
099220,KQ,SDN,Stock,KRW
099320,KQ,쎄트렉아이,Stock,KRW
099390,KQ,브레인즈컴퍼니,Stock,KRW
099410,KQ,동방선기,Stock,KRW
099430,KQ,바이오플러스,Stock,KRW
099440,KQ,스맥,Stock,KRW
099520,KQ,DGI,Stock,KRW
099750,KQ,이지케어텍,Stock,KRW
100030,KQ,인지소프트,Stock,KRW
100120,KQ,뷰웍스,Stock,KRW
100130,KQ,동국S&C,Stock,KRW
100590,KQ,머큐리,Stock,KRW
100660,KQ,서암기계공업,Stock,KRW
100700,KQ,세운메디칼,Stock,KRW
100790,KQ,미래에셋벤처투자,Stock,KRW
101000,KQ,KS인더스트리,Stock,KRW
101160,KQ,월덱스,Stock,KRW
101170,KQ,우림피티에스,Stock,KRW
101240,KQ,씨큐브,Stock,KRW
101330,KQ,모베이스,Stock,KRW
101360,KQ,에코앤드림,Stock,KRW
101390,KQ,아이엠,Stock,KRW
101400,KQ,엔시트론,Stock,KRW
101490,KQ,에스앤에스텍,Stock,KRW
101670,KQ,하이드로리튬,Stock,KRW
101680,KQ,한국정밀기계,Stock,KRW
101730,KQ,위메이드맥스,Stock,KRW
101930,KQ,인화정공,Stock,KRW
101970,KQ,우양에이치씨,Stock,KRW
102120,KQ,어보브반도체,Stock,KRW
102370,KQ,케이옥션,Stock,KRW
102710,KQ,이엔에프테크놀로지,Stock,KRW
102940,KQ,코오롱생명과학,Stock,KRW
103230,KQ,에스앤더블류,Stock,KRW
103840,KQ,우양,Stock,KRW
104040,KQ,디에스엠,Stock,KRW
104200,KQ,NHN벅스,Stock,KRW
104460,KQ,디와이피엔에프,Stock,KRW
104480,KQ,티케이케미칼,Stock,KRW
104540,KQ,코렌텍,Stock,KRW
104620,KQ,노랑풍선,Stock,KRW
104830,KQ,원익머트리얼즈,Stock,KRW
105330,KQ,케이엔더블유,Stock,KRW
105550,KQ,엣지파운드리,Stock,KRW
105740,KQ,디케이락,Stock,KRW
105760,KQ,포스뱅크,Stock,KRW
106080,KQ,케이이엠텍,Stock,KRW
106190,KQ,하이텍팜,Stock,KRW
106240,KQ,파인테크닉스,Stock,KRW
106520,KQ,노블엠앤비,Stock,KRW
107600,KQ,새빗켐,Stock,KRW
107640,KQ,한중엔시에스,Stock,KRW
108230,KQ,톱텍,Stock,KRW
108380,KQ,대양전기공업,Stock,KRW
108490,KQ,로보티즈,Stock,KRW
108860,KQ,셀바스AI,Stock,KRW
109080,KQ,옵티시스,Stock,KRW
109610,KQ,에스와이,Stock,KRW
109670,KQ,씨싸이트,Stock,KRW
109740,KQ,디에스케이,Stock,KRW
109820,KQ,진매트릭스,Stock,KRW
109860,KQ,동일금속,Stock,KRW
109960,KQ,앱토크롬,Stock,KRW
110020,KQ,전진바이오팜,Stock,KRW
110790,KQ,크리스에프앤씨,Stock,KRW
110990,KQ,디아이티,Stock,KRW
111710,KQ,남화산업,Stock,KRW
112040,KQ,위메이드,Stock,KRW
112290,KQ,와이씨켐,Stock,KRW
113810,KQ,디젠스,Stock,KRW
114190,KQ,강원에너지,Stock,KRW
114450,KQ,그린생명과학,Stock,KRW
114630,KQ,폴라리스우노,Stock,KRW
114810,KQ,한솔아이원스,Stock,KRW
114840,KQ,아이패밀리에스씨,Stock,KRW
115160,KQ,휴맥스,Stock,KRW
115180,KQ,큐리언트,Stock,KRW
115310,KQ,인포바인,Stock,KRW
115440,KQ,우리넷,Stock,KRW
115450,KQ,HLB테라퓨틱스,Stock,KRW
115480,KQ,씨유메디칼,Stock,KRW
115500,KQ,케이씨에스,Stock,KRW
115530,KQ,씨엔플러스,Stock,KRW
115570,KQ,스타플렉스,Stock,KRW
115610,KQ,이미지스,Stock,KRW
117670,KQ,알파칩스,Stock,KRW
117730,KQ,티로보틱스,Stock,KRW
118990,KQ,모트렉스,Stock,KRW
119500,KQ,포메탈,Stock,KRW
119610,KQ,인터로조,Stock,KRW
119830,KQ,아이텍,Stock,KRW
119850,KQ,지엔씨에너지,Stock,KRW
120240,KQ,대정화금,Stock,KRW
121440,KQ,골프존홀딩스,Stock,KRW
121600,KQ,나노신소재,Stock,KRW
121800,KQ,비덴트,Stock,KRW
121850,KQ,코이즈,Stock,KRW
121890,KQ,에스디시스템,Stock,KRW
122310,KQ,제노레이,Stock,KRW
122350,KQ,삼기,Stock,KRW
122450,KQ,KX,Stock,KRW
122640,KQ,예스티,Stock,KRW
122690,KQ,서진오토모티브,Stock,KRW
122870,KQ,와이지엔터테인먼트,Stock,KRW
122990,KQ,와이솔,Stock,KRW
123010,KQ,알엔티엑스,Stock,KRW
123040,KQ,엠에스오토텍,Stock,KRW
123330,KQ,제닉,Stock,KRW
123410,KQ,코리아에프티,Stock,KRW
123420,KQ,위메이드플레이,Stock,KRW
123570,KQ,이엠넷,Stock,KRW
123750,KQ,알톤,Stock,KRW
123840,KQ,뉴온,Stock,KRW
123860,KQ,아나패스,Stock,KRW
124500,KQ,아이티센글로벌,Stock,KRW
124560,KQ,태웅로직스,Stock,KRW
125020,KQ,티씨머티리얼즈,Stock,KRW
125210,KQ,아모그린텍,Stock,KRW
125490,KQ,한라캐스트,Stock,KRW
126340,KQ,비나텍,Stock,KRW
126600,KQ,BGF에코머티리얼즈,Stock,KRW
126640,KQ,화신정공,Stock,KRW
126700,KQ,하이비젼시스템,Stock,KRW
126730,KQ,코칩,Stock,KRW
126880,KQ,제이엔케이글로벌,Stock,KRW
127120,KQ,제이에스링크,Stock,KRW
127710,KQ,아시아경제,Stock,KRW
127980,KQ,화인써키트,Stock,KRW
128540,KQ,에코캡,Stock,KRW
128660,KQ,피제이메탈,Stock,KRW
129890,KQ,앱코,Stock,KRW
129920,KQ,대성하이텍,Stock,KRW
130500,KQ,GH신소재,Stock,KRW
130580,KQ,나이스디앤비,Stock,KRW
130740,KQ,티피씨글로벌,Stock,KRW
131030,KQ,옵투스제약,Stock,KRW
131090,KQ,시큐브,Stock,KRW
131100,KQ,티엔엔터테인먼트,Stock,KRW
131180,KQ,딜리,Stock,KRW
131220,KQ,대한과학,Stock,KRW
131290,KQ,티에스이,Stock,KRW
131370,KQ,알서포트,Stock,KRW
131400,KQ,이브이첨단소재,Stock,KRW
131760,KQ,파인텍,Stock,KRW
131970,KQ,두산테스나,Stock,KRW
133750,KQ,메가엠디,Stock,KRW
134060,KQ,이퓨쳐,Stock,KRW
134580,KQ,탑코미디어,Stock,KRW
136150,KQ,원일티엔아이,Stock,KRW
136410,KQ,아셈스,Stock,KRW
136480,KQ,하림,Stock,KRW
136540,KQ,윈스테크넷,Stock,KRW
137080,KQ,나래나노텍,Stock,KRW
137400,KQ,피엔티,Stock,KRW
137940,KQ,넥스트아이,Stock,KRW
137950,KQ,제이씨케미칼,Stock,KRW
138070,KQ,신진에스엠,Stock,KRW
138080,KQ,오이솔루션,Stock,KRW
138360,KQ,앤로보틱스,Stock,KRW
138610,KQ,나이벡,Stock,KRW
139670,KQ,키네마스터,Stock,KRW
140070,KQ,서플러스글로벌,Stock,KRW
140410,KQ,메지온,Stock,KRW
140430,KQ,카티스,Stock,KRW
140520,KQ,대창스틸,Stock,KRW
140670,KQ,알에스오토메이션,Stock,KRW
140860,KQ,파크시스템스,Stock,KRW
141000,KQ,비아트론,Stock,KRW
141080,KQ,리가켐바이오,Stock,KRW
142210,KQ,유니트론텍,Stock,KRW
142280,KQ,녹십자엠에스,Stock,KRW
142760,KQ,모아라이프플러스,Stock,KRW
143160,KQ,아이디스,Stock,KRW
143240,KQ,사람인,Stock,KRW
143540,KQ,영우디에스피,Stock,KRW
144510,KQ,지씨셀,Stock,KRW
144960,KQ,뉴파워프라즈마,Stock,KRW
145020,KQ,휴젤,Stock,KRW
145170,KQ,노브랜드,Stock,KRW
146060,KQ,율촌,Stock,KRW
146320,KQ,비씨엔씨,Stock,KRW
147760,KQ,피엠티,Stock,KRW
147830,KQ,제룡산업,Stock,KRW
148150,KQ,세경하이테크,Stock,KRW
148250,KQ,알엔투테크놀로지,Stock,KRW
148780,KQ,비큐AI,Stock,KRW
148930,KQ,에이치와이티씨,Stock,KRW
149950,KQ,아바텍,Stock,KRW
149980,KQ,하이로닉,Stock,KRW
150900,KQ,파수AI,Stock,KRW
151860,KQ,KG에코솔루션,Stock,KRW
153460,KQ,네이블,Stock,KRW
153490,KQ,우리이앤엘하루틴,Stock,KRW
153710,KQ,옵티팜,Stock,KRW
154030,KQ,아시아종묘,Stock,KRW
154040,KQ,다산솔루에타,Stock,KRW
155650,KQ,와이엠씨,Stock,KRW
156100,KQ,엘앤케이바이오,Stock,KRW
158430,KQ,아톤,Stock,KRW
159010,KQ,아스플로,Stock,KRW
159580,KQ,제로투세븐,Stock,KRW
159910,KQ,에코글로우,Stock,KRW
160190,KQ,하이젠알앤엠,Stock,KRW
160550,KQ,NEW,Stock,KRW
160980,KQ,싸이맥스,Stock,KRW
161580,KQ,필옵틱스,Stock,KRW
162300,KQ,신스틸,Stock,KRW
163280,KQ,에어레인,Stock,KRW
163730,KQ,핑거,Stock,KRW
166090,KQ,하나머티리얼즈,Stock,KRW
166480,KQ,코아스템켐온,Stock,KRW
168330,KQ,내츄럴엔도텍,Stock,KRW
168360,KQ,펨트론,Stock,KRW
169330,KQ,엠브레인,Stock,KRW
170030,KQ,현대공업,Stock,KRW
170790,KQ,파이오링크,Stock,KRW
170920,KQ,엘티씨,Stock,KRW
171010,KQ,램테크놀러지,Stock,KRW
171090,KQ,선익시스템,Stock,KRW
171120,KQ,라이온켐텍,Stock,KRW
172670,KQ,에이엘티,Stock,KRW
173130,KQ,오파스넷,Stock,KRW
173940,KQ,에프엔씨엔터,Stock,KRW
174900,KQ,앱클론,Stock,KRW
175140,KQ,휴먼테크놀로지,Stock,KRW
175250,KQ,아이큐어,Stock,KRW
176750,KQ,듀켐바이오,Stock,KRW
177350,KQ,베셀,Stock,KRW
177830,KQ,파버나인,Stock,KRW
177900,KQ,쓰리에이로직스,Stock,KRW
178320,KQ,서진시스템,Stock,KRW
178780,KQ,일월지엠엘,Stock,KRW
179290,KQ,엠아이텍,Stock,KRW
179530,KQ,애드바이오텍,Stock,KRW
179900,KQ,유티아이,Stock,KRW
180400,KQ,DXVX,Stock,KRW
182360,KQ,큐브엔터,Stock,KRW
182400,KQ,엔케이젠바이오텍코리아,Stock,KRW
183300,KQ,코미코,Stock,KRW
183490,KQ,엔지켐생명과학,Stock,KRW
184230,KQ,SGA솔루션즈,Stock,KRW
185490,KQ,아이진,Stock,KRW
186230,KQ,그린플러스,Stock,KRW
187220,KQ,디티앤씨,Stock,KRW
187270,KQ,신화콘텍,Stock,KRW
187420,KQ,HLB제넥스,Stock,KRW
187660,KQ,페니트리움바이오,Stock,KRW
187790,KQ,나노,Stock,KRW
187870,KQ,디바이스,Stock,KRW
188040,KQ,바이오포트,Stock,KRW
188260,KQ,세니젠,Stock,KRW
189300,KQ,인텔리안테크,Stock,KRW
189330,KQ,씨이랩,Stock,KRW
189690,KQ,포시에스,Stock,KRW
189860,KQ,서전기전,Stock,KRW
189980,KQ,흥국에프엔비,Stock,KRW
190510,KQ,나무가,Stock,KRW
190650,KQ,코리아에셋투자증권,Stock,KRW
191410,KQ,육일씨엔에쓰,Stock,KRW
191420,KQ,테고사이언스,Stock,KRW
192250,KQ,케이사인,Stock,KRW
192390,KQ,윈하이텍,Stock,KRW
192410,KQ,오늘이엔엠,Stock,KRW
192440,KQ,슈피겐코리아,Stock,KRW
193250,KQ,링크드,Stock,KRW
194480,KQ,데브시스터즈,Stock,KRW
194700,KQ,노바렉스,Stock,KRW
195500,KQ,마니커에프앤지,Stock,KRW
195940,KQ,HK이노엔,Stock,KRW
195990,KQ,에이비프로바이오,Stock,KRW
196170,KQ,알테오젠,Stock,KRW
196300,KQ,HLB펩,Stock,KRW
196450,KQ,코아시아씨엠,Stock,KRW
196490,KQ,디에이테크놀로지,Stock,KRW
196700,KQ,웹스,Stock,KRW
197140,KQ,디지캡,Stock,KRW
198080,KQ,캐프,Stock,KRW
198440,KQ,강동씨앤엘,Stock,KRW
198940,KQ,한주라이트메탈,Stock,KRW
199430,KQ,케이엔알시스템,Stock,KRW
199480,KQ,뱅크웨어글로벌,Stock,KRW
199550,KQ,레이저옵텍,Stock,KRW
199730,KQ,바이오인프라,Stock,KRW
199800,KQ,툴젠,Stock,KRW
199820,KQ,제일일렉트릭,Stock,KRW
200130,KQ,콜마비앤에이치,Stock,KRW
200230,KQ,텔콘RF제약,Stock,KRW
200350,KQ,아티스트스튜디오,Stock,KRW
200470,KQ,에이팩트,Stock,KRW
200670,KQ,휴메딕스,Stock,KRW
200710,KQ,에이디테크놀로지,Stock,KRW
200780,KQ,비씨월드제약,Stock,KRW
201490,KQ,미투온,Stock,KRW
203400,KQ,에이비온,Stock,KRW
203450,KQ,유니온바이오메트릭스,Stock,KRW
203650,KQ,드림시큐리티,Stock,KRW
203690,KQ,아크솔루션스,Stock,KRW
204020,KQ,그리티,Stock,KRW
204270,KQ,제이앤티씨,Stock,KRW
204610,KQ,티쓰리,Stock,KRW
204620,KQ,글로벌텍스프리,Stock,KRW
204840,KQ,지엘팜텍,Stock,KRW
205100,KQ,엑셈,Stock,KRW
205470,KQ,휴마시스,Stock,KRW
205500,KQ,넥써쓰,Stock,KRW
206400,KQ,베노티앤알,Stock,KRW
206560,KQ,덱스터,Stock,KRW
206640,KQ,바디텍메드,Stock,KRW
206650,KQ,유바이오로직스,Stock,KRW
207760,KQ,미스터블루,Stock,KRW
208140,KQ,정다운,Stock,KRW
208350,KQ,지란지교시큐리티,Stock,KRW
208370,KQ,셀바스헬스케어,Stock,KRW
208640,KQ,썸에이지,Stock,KRW
208710,KQ,포톤,Stock,KRW
208860,KQ,다산디엠씨,Stock,KRW
209640,KQ,와이제이링크,Stock,KRW
210120,KQ,캔버스엔,Stock,KRW
211050,KQ,인카금융서비스,Stock,KRW
211270,KQ,AP위성,Stock,KRW
212560,KQ,네오오토,Stock,KRW
212710,KQ,아이에스티이,Stock,KRW
213420,KQ,덕산네오룩스,Stock,KRW
214150,KQ,클래시스,Stock,KRW
214180,KQ,헥토이노베이션,Stock,KRW
214260,KQ,라파스,Stock,KRW
214270,KQ,FSN,Stock,KRW
214370,KQ,케어젠,Stock,KRW
214430,KQ,아이쓰리시스템,Stock,KRW
214450,KQ,파마리서치,Stock,KRW
214610,KQ,롤링스톤,Stock,KRW
214680,KQ,디알텍,Stock,KRW
215000,KQ,골프존,Stock,KRW
215090,KQ,솔디펜스,Stock,KRW
215100,KQ,로보로보,Stock,KRW
215200,KQ,메가스터디교육,Stock,KRW
215360,KQ,우리산업,Stock,KRW
215380,KQ,우정바이오,Stock,KRW
215480,KQ,토박스코리아,Stock,KRW
215600,KQ,신라젠,Stock,KRW
215790,KQ,이노인스트루먼트,Stock,KRW
216050,KQ,인크로스,Stock,KRW
216080,KQ,제테마,Stock,KRW
217190,KQ,제너셈,Stock,KRW
217270,KQ,넵튠,Stock,KRW
217330,KQ,싸이토젠,Stock,KRW
217480,KQ,에스디생명공학,Stock,KRW
217500,KQ,러셀,Stock,KRW
217730,KQ,강스템바이오텍,Stock,KRW
217820,KQ,원익피앤이,Stock,KRW
218150,KQ,미래생명자원,Stock,KRW
218410,KQ,RFHIC,Stock,KRW
219130,KQ,타이거일렉,Stock,KRW
219420,KQ,링크제니시스,Stock,KRW
219550,KQ,디와이디,Stock,KRW
219750,KQ,한국비티비,Stock,KRW
220100,KQ,퓨쳐켐,Stock,KRW
220180,KQ,핸디소프트,Stock,KRW
220260,KQ,켐트로스,Stock,KRW
221800,KQ,지구홀딩스,Stock,KRW
221840,KQ,하이즈항공,Stock,KRW
221980,KQ,케이디켐,Stock,KRW
222040,KQ,코스맥스엔비티,Stock,KRW
222080,KQ,씨아이에스,Stock,KRW
222110,KQ,팬젠,Stock,KRW
222160,KQ,NPX,Stock,KRW
222420,KQ,쎄노텍,Stock,KRW
222800,KQ,심텍,Stock,KRW
222980,KQ,한국맥널티,Stock,KRW
223250,KQ,드림씨아이에스,Stock,KRW
223310,KQ,사토시홀딩스,Stock,KRW
224060,KQ,더코디,Stock,KRW
224110,KQ,에이텍모빌리티,Stock,KRW
225190,KQ,LK삼양,Stock,KRW
225220,KQ,제놀루션,Stock,KRW
225430,KQ,케이엠제약,Stock,KRW
225530,KQ,HC보광산업,Stock,KRW
225570,KQ,넥슨게임즈,Stock,KRW
225590,KQ,패션플랫폼,Stock,KRW
226330,KQ,신테카바이오,Stock,KRW
226340,KQ,본느,Stock,KRW
226400,KQ,오스테오닉,Stock,KRW
226590,KQ,엠디바이스,Stock,KRW
226950,KQ,올릭스,Stock,KRW
227100,KQ,프로브잇,Stock,KRW
227610,KQ,아우딘퓨쳐스,Stock,KRW
227950,KQ,엔투텍,Stock,KRW
228340,KQ,동양파일,Stock,KRW
228670,KQ,레이,Stock,KRW
228760,KQ,지노믹트리,Stock,KRW
228850,KQ,레이언스,Stock,KRW
229000,KQ,젠큐릭스,Stock,KRW
230240,KQ,에치에프알,Stock,KRW
230360,KQ,에코마케팅,Stock,KRW
230980,KQ,비유테크놀러지,Stock,KRW
232140,KQ,와이씨,Stock,KRW
232680,KQ,라온로보틱스,Stock,KRW
232830,KQ,아이티센피엔에스,Stock,KRW
234030,KQ,싸이닉솔루션,Stock,KRW
234100,KQ,폴라리스세원,Stock,KRW
234300,KQ,에스트래픽,Stock,KRW
234340,KQ,헥토파이낸셜,Stock,KRW
234690,KQ,녹십자웰빙,Stock,KRW
234920,KQ,자이글,Stock,KRW
235980,KQ,메드팩토,Stock,KRW
236200,KQ,슈프리마,Stock,KRW
236810,KQ,엔비티,Stock,KRW
237690,KQ,에스티팜,Stock,KRW
237750,KQ,피앤씨테크,Stock,KRW
237820,KQ,플레이디,Stock,KRW
237880,KQ,클리오,Stock,KRW
238090,KQ,앤디포스,Stock,KRW
238120,KQ,얼라인드,Stock,KRW
238200,KQ,비피도,Stock,KRW
238490,KQ,힘스,Stock,KRW
239340,KQ,이스트에이드,Stock,KRW
239610,KQ,에이치엘사이언스,Stock,KRW
239890,KQ,피엔에이치테크,Stock,KRW
240550,KQ,동방메디컬,Stock,KRW
240600,KQ,유진테크놀로지,Stock,KRW
240810,KQ,원익IPS,Stock,KRW
241520,KQ,DSC인베스트먼트,Stock,KRW
241690,KQ,유니테크노,Stock,KRW
241710,KQ,코스메카코리아,Stock,KRW
241770,KQ,메카로,Stock,KRW
241790,KQ,티이엠씨씨엔에스,Stock,KRW
241820,KQ,피씨엘,Stock,KRW
241840,KQ,에이스토리,Stock,KRW
242040,KQ,나무기술,Stock,KRW
243070,KQ,휴온스,Stock,KRW
243840,KQ,신흥에스이씨,Stock,KRW
244460,KQ,올리패스,Stock,KRW
245620,KQ,EDGC,Stock,KRW
246250,KQ,에스엘에스바이오,Stock,KRW
246690,KQ,TS인베스트먼트,Stock,KRW
246710,KQ,티앤알바이오팹,Stock,KRW
246720,KQ,아스타,Stock,KRW
246960,KQ,SCL사이언스,Stock,KRW
247540,KQ,에코프로비엠,Stock,KRW
247660,KQ,나노씨엠에스,Stock,KRW
250000,KQ,보라티알,Stock,KRW
250060,KQ,모비스,Stock,KRW
250930,KQ,예선테크,Stock,KRW
251120,KQ,바이오에프디엔씨,Stock,KRW
251370,KQ,와이엠티,Stock,KRW
251630,KQ,브이원텍,Stock,KRW
251970,KQ,펌텍코리아,Stock,KRW
252500,KQ,세화피앤씨,Stock,KRW
252990,KQ,샘씨엔에스,Stock,KRW
253450,KQ,스튜디오드래곤,Stock,KRW
253590,KQ,네오셈,Stock,KRW
253840,KQ,수젠텍,Stock,KRW
254120,KQ,자비스,Stock,KRW
254490,KQ,미래반도체,Stock,KRW
255220,KQ,SG,Stock,KRW
255440,KQ,야스,Stock,KRW
256150,KQ,한독크린텍,Stock,KRW
256630,KQ,포인트엔지니어링,Stock,KRW
256840,KQ,한국비엔씨,Stock,KRW
256940,KQ,킵스파마,Stock,KRW
257370,KQ,피엔티엠에스,Stock,KRW
257720,KQ,실리콘투,Stock,KRW
258610,KQ,케일럼,Stock,KRW
258790,KQ,소프트캠프,Stock,KRW
258830,KQ,세종메디칼,Stock,KRW
259630,KQ,엠플러스,Stock,KRW
260660,KQ,알리코제약,Stock,KRW
260930,KQ,씨티케이,Stock,KRW
260970,KQ,에스앤디,Stock,KRW
261200,KQ,덴티스,Stock,KRW
261520,KQ,이지스,Stock,KRW
261780,KQ,아리바이오랩,Stock,KRW
262260,KQ,에이프로,Stock,KRW
262840,KQ,아이퀘스트,Stock,KRW
263020,KQ,디케이앤디,Stock,KRW
263050,KQ,유틸렉스,Stock,KRW
263600,KQ,덕우전자,Stock,KRW
263690,KQ,디알젬,Stock,KRW
263700,KQ,케어랩스,Stock,KRW
263720,KQ,디앤씨미디어,Stock,KRW
263750,KQ,펄어비스,Stock,KRW
263770,KQ,유에스티,Stock,KRW
263800,KQ,데이타솔루션,Stock,KRW
263810,KQ,상신전자,Stock,KRW
263860,KQ,지니언스,Stock,KRW
263920,KQ,휴엠앤씨,Stock,KRW
264450,KQ,유비쿼스,Stock,KRW
264660,KQ,씨앤지하이테크,Stock,KRW
264850,KQ,이랜시스,Stock,KRW
265520,KQ,AP시스템,Stock,KRW
265560,KQ,영화테크,Stock,KRW
265740,KQ,엔에프씨,Stock,KRW
267320,KQ,나인테크,Stock,KRW
267790,KQ,배럴,Stock,KRW
267980,KQ,매일유업,Stock,KRW
269620,KQ,시스웍,Stock,KRW
270520,KQ,앱튼,Stock,KRW
270660,KQ,에브리봇,Stock,KRW
270870,KQ,뉴트리,Stock,KRW
271830,KQ,팸텍,Stock,KRW
272110,KQ,케이엔제이,Stock,KRW
272290,KQ,이녹스첨단소재,Stock,KRW
273060,KQ,와이즈버즈,Stock,KRW
273640,KQ,와이엠텍,Stock,KRW
274090,KQ,켄코아에어로스페이스,Stock,KRW
274400,KQ,이노시뮬레이션,Stock,KRW
275630,KQ,에스에스알,Stock,KRW
276040,KQ,스코넥,Stock,KRW
276730,KQ,한울앤제주,Stock,KRW
277070,KQ,린드먼아시아,Stock,KRW
277410,KQ,인산가,Stock,KRW
277810,KQ,레인보우로보틱스,Stock,KRW
277880,KQ,티에스아이,Stock,KRW
278280,KQ,천보,Stock,KRW
278650,KQ,HLB바이오스텝,Stock,KRW
279600,KQ,미디어젠,Stock,KRW
281740,KQ,레이크머티리얼즈,Stock,KRW
282720,KQ,금양그린파워,Stock,KRW
282880,KQ,코윈테크,Stock,KRW
284620,KQ,카이노스메드,Stock,KRW
285490,KQ,노바텍,Stock,KRW
285800,KQ,진영,Stock,KRW
286750,KQ,나노실리칸첨단소재,Stock,KRW
287840,KQ,인투셀,Stock,KRW
288180,KQ,케이피항공산업,Stock,KRW
288330,KQ,파라택시스코리아,Stock,KRW
288620,KQ,에스프리즘,Stock,KRW
288980,KQ,모아데이타,Stock,KRW
289010,KQ,아이스크림에듀,Stock,KRW
289080,KQ,SV인베스트먼트,Stock,KRW
289220,KQ,자이언트스텝,Stock,KRW
289930,KQ,웨이비스,Stock,KRW
290090,KQ,트윔,Stock,KRW
290120,KQ,DH오토리드,Stock,KRW
290270,KQ,휴네시온,Stock,KRW
290520,KQ,신도기연,Stock,KRW
290550,KQ,디케이티,Stock,KRW
290560,KQ,파라택시스이더리움,Stock,KRW
290650,KQ,엘앤씨바이오,Stock,KRW
290660,KQ,다이나믹솔루션,Stock,KRW
290670,KQ,대보마그네틱,Stock,KRW
290690,KQ,소룩스,Stock,KRW
290720,KQ,푸드나무,Stock,KRW
290740,KQ,액트로,Stock,KRW
291230,KQ,엔피,Stock,KRW
291650,KQ,압타머사이언스,Stock,KRW
291810,KQ,핀텔,Stock,KRW
293490,KQ,카카오게임즈,Stock,KRW
293580,KQ,나우IB,Stock,KRW
293780,KQ,압타바이오,Stock,KRW
294090,KQ,이오플로우,Stock,KRW
294140,KQ,레몬,Stock,KRW
294570,KQ,쿠콘,Stock,KRW
294630,KQ,서남,Stock,KRW
295310,KQ,에이치브이엠,Stock,KRW
296640,KQ,이노에이엑스,Stock,KRW
297090,KQ,씨에스베어링,Stock,KRW
297570,KQ,알로이스,Stock,KRW
297890,KQ,HB솔루션,Stock,KRW
298060,KQ,풍전약품,Stock,KRW
298380,KQ,에이비엘바이오,Stock,KRW
298540,KQ,더네이쳐홀딩스,Stock,KRW
298830,KQ,슈어소프트테크,Stock,KRW
299030,KQ,하나기술,Stock,KRW
299170,KQ,더블유에스아이,Stock,KRW
299660,KQ,셀리드,Stock,KRW
299900,KQ,위지윅스튜디오,Stock,KRW
300080,KQ,플리토,Stock,KRW
300120,KQ,라온피플,Stock,KRW
301300,KQ,바이브컴퍼니,Stock,KRW
302430,KQ,이노메트리,Stock,KRW
302550,KQ,리메드,Stock,KRW
303030,KQ,지니틱스,Stock,KRW
303360,KQ,프로티아,Stock,KRW
303530,KQ,이노뎁,Stock,KRW
303810,KQ,동국생명과학,Stock,KRW
304100,KQ,솔트룩스,Stock,KRW
304360,KQ,에스바이오메딕스,Stock,KRW
304840,KQ,피플바이오,Stock,KRW
305090,KQ,마이크로디지탈,Stock,KRW
306040,KQ,에스제이그룹,Stock,KRW
306620,KQ,지아이에스,Stock,KRW
307180,KQ,아이엘,Stock,KRW
307280,KQ,원바이오젠,Stock,KRW
307750,KQ,국전,Stock,KRW
307870,KQ,비투엔,Stock,KRW
307930,KQ,컴퍼니케이,Stock,KRW
308080,KQ,바이젠셀,Stock,KRW
308100,KQ,형지글로벌,Stock,KRW
308430,KQ,셀비온,Stock,KRW
309710,KQ,아이티켐,Stock,KRW
309930,KQ,조이웍스앤코,Stock,KRW
309960,KQ,LB인베스트먼트,Stock,KRW
310200,KQ,애니플러스,Stock,KRW
310210,KQ,보로노이,Stock,KRW
310870,KQ,디와이씨,Stock,KRW
311320,KQ,지오엘리먼트,Stock,KRW
311390,KQ,네오크레마,Stock,KRW
311690,KQ,CJ 바이오사이언스,Stock,KRW
312610,KQ,에이에프더블류,Stock,KRW
313760,KQ,캐리,Stock,KRW
314130,KQ,지놈앤컴퍼니,Stock,KRW
314140,KQ,알피바이오,Stock,KRW
314930,KQ,바이오다인,Stock,KRW
315640,KQ,딥노이드,Stock,KRW
317120,KQ,라닉스,Stock,KRW
317240,KQ,TS트릴리온,Stock,KRW
317330,KQ,덕산테코피아,Stock,KRW
317530,KQ,에피소드컴퍼니,Stock,KRW
317690,KQ,퀀타매트릭스,Stock,KRW
317770,KQ,엑스페릭스,Stock,KRW
317830,KQ,에스피시스템스,Stock,KRW
317850,KQ,대모,Stock,KRW
317870,KQ,엔바이오니아,Stock,KRW
318000,KQ,KBG,Stock,KRW
318010,KQ,팜스빌,Stock,KRW
318020,KQ,포인트모바일,Stock,KRW
318060,KQ,그래피,Stock,KRW
318160,KQ,셀바이오휴먼텍,Stock,KRW
318410,KQ,비비씨,Stock,KRW
319400,KQ,현대무벡스,Stock,KRW
319660,KQ,피에스케이,Stock,KRW
320000,KQ,한울반도체,Stock,KRW
321260,KQ,프로이천,Stock,KRW
321370,KQ,센서뷰,Stock,KRW
321550,KQ,티움바이오,Stock,KRW
321820,KQ,아티스트컴퍼니,Stock,KRW
322180,KQ,LS티라유텍,Stock,KRW
322310,KQ,오로스테크놀로지,Stock,KRW
322510,KQ,제이엘케이,Stock,KRW
322780,KQ,코퍼스코리아,Stock,KRW
323280,KQ,태성,Stock,KRW
323350,KQ,다원넥스뷰,Stock,KRW
323990,KQ,박셀바이오,Stock,KRW
327260,KQ,RF머트리얼즈,Stock,KRW
328130,KQ,루닛,Stock,KRW
328380,KQ,솔트웨어,Stock,KRW
330350,KQ,위더스제약,Stock,KRW
330730,KQ,스톤브릿지벤처스,Stock,KRW
330860,KQ,네패스아크,Stock,KRW
331380,KQ,포커스에이아이,Stock,KRW
331520,KQ,밸로프,Stock,KRW
331740,KQ,아우토크립트,Stock,KRW
331920,KQ,셀레믹스,Stock,KRW
332290,KQ,누보,Stock,KRW
332370,KQ,아이디피,Stock,KRW
332570,KQ,PS일렉트로닉스,Stock,KRW
333050,KQ,이노테나,Stock,KRW
333430,KQ,일승,Stock,KRW
333620,KQ,엔시스,Stock,KRW
334970,KQ,프레스티지바이오로직스,Stock,KRW
335810,KQ,프리시젼바이오,Stock,KRW
335870,KQ,윙스풋,Stock,KRW
336060,KQ,웨이버스,Stock,KRW
336570,KQ,원텍,Stock,KRW
336680,KQ,탑런토탈솔루션,Stock,KRW
337930,KQ,젝시믹스,Stock,KRW
338220,KQ,뷰노,Stock,KRW
338840,KQ,와이바이오로직스,Stock,KRW
339950,KQ,아이비김영,Stock,KRW
340360,KQ,다보링크,Stock,KRW
340440,KQ,세림B&G,Stock,KRW
340450,KQ,지씨지놈,Stock,KRW
340570,KQ,티앤엘,Stock,KRW
340810,KQ,시선AI,Stock,KRW
340930,KQ,유일에너테크,Stock,KRW
342870,KQ,오아,Stock,KRW
344860,KQ,이노진,Stock,KRW
347000,KQ,센코,Stock,KRW
347700,KQ,스피어,Stock,KRW
347740,KQ,피엔케이피부임상연구센타,Stock,KRW
347770,KQ,핌스,Stock,KRW
347850,KQ,디앤디파마텍,Stock,KRW
347860,KQ,알체라,Stock,KRW
347890,KQ,엠엑스온,Stock,KRW
348030,KQ,모비릭스,Stock,KRW
348080,KQ,큐라티스,Stock,KRW
348150,KQ,고바이오랩,Stock,KRW
348210,KQ,넥스틴,Stock,KRW
348340,KQ,뉴로메카,Stock,KRW
348350,KQ,위드텍,Stock,KRW
348370,KQ,엔켐,Stock,KRW
351320,KQ,넥사다이내믹스,Stock,KRW
351330,KQ,이삭엔지니어링,Stock,KRW
351870,KQ,차이커뮤니케이션,Stock,KRW
352090,KQ,스톰테크,Stock,KRW
352480,KQ,씨앤씨인터내셔널,Stock,KRW
352700,KQ,씨앤투스,Stock,KRW
352770,KQ,셀레스트라,Stock,KRW
352910,KQ,오비고,Stock,KRW
352940,KQ,인바이오,Stock,KRW
353190,KQ,휴럼,Stock,KRW
353590,KQ,오토앤,Stock,KRW
353810,KQ,이지바이오,Stock,KRW
354200,KQ,엔젠바이오,Stock,KRW
354320,KQ,알멕,Stock,KRW
355150,KQ,코스텍시스,Stock,KRW
355390,KQ,크라우드웍스,Stock,KRW
355690,KQ,에이텀,Stock,KRW
356680,KQ,엑스게이트,Stock,KRW
356860,KQ,티엘비,Stock,KRW
356890,KQ,싸이버원,Stock,KRW
357230,KQ,에이치피오,Stock,KRW
357550,KQ,석경에이티,Stock,KRW
357580,KQ,아모센스,Stock,KRW
357780,KQ,솔브레인,Stock,KRW
357880,KQ,SKAI,Stock,KRW
358570,KQ,지아이이노베이션,Stock,KRW
359090,KQ,씨엔알리서치,Stock,KRW
360070,KQ,탑머티리얼,Stock,KRW
360350,KQ,코셈,Stock,KRW
361390,KQ,제노코,Stock,KRW
361570,KQ,알비더블유,Stock,KRW
361670,KQ,삼영에스앤씨,Stock,KRW
362320,KQ,청담글로벌,Stock,KRW
362990,KQ,드림인사이트,Stock,KRW
363250,KQ,진시스템,Stock,KRW
363260,KQ,모비데이즈,Stock,KRW
364950,KQ,에이아이코리아,Stock,KRW
365270,KQ,큐라클,Stock,KRW
365330,KQ,에스와이스틸텍,Stock,KRW
365340,KQ,성일하이텍,Stock,KRW
365590,KQ,하이딥,Stock,KRW
365900,KQ,브이씨,Stock,KRW
366030,KQ,공구우먼,Stock,KRW
367000,KQ,플래티어,Stock,KRW
368600,KQ,아이씨에이치,Stock,KRW
368770,KQ,파이버프로,Stock,KRW
368970,KQ,오에스피,Stock,KRW
369370,KQ,블리츠웨이엔터테인먼트,Stock,KRW
370090,KQ,퓨런티어,Stock,KRW
371950,KQ,풍원정밀,Stock,KRW
372170,KQ,윤성에프앤씨,Stock,KRW
372320,KQ,큐로셀,Stock,KRW
372800,KQ,아이티아이즈,Stock,KRW
373110,KQ,엑셀세라퓨틱스,Stock,KRW
373160,KQ,데이원컴퍼니,Stock,KRW
373170,KQ,엠아이큐브솔루션,Stock,KRW
373200,KQ,엑스플러스,Stock,KRW
376180,KQ,피코그램,Stock,KRW
376270,KQ,HEM파마,Stock,KRW
376290,KQ,씨유테크,Stock,KRW
376300,KQ,디어유,Stock,KRW
376900,KQ,로킷헬스케어,Stock,KRW
376930,KQ,노을,Stock,KRW
376980,KQ,원티드랩,Stock,KRW
377030,KQ,비트맥스,Stock,KRW
377220,KQ,프롬바이오,Stock,KRW
377330,KQ,이지트로닉스,Stock,KRW
377450,KQ,리파인,Stock,KRW
377460,KQ,큐에이드,Stock,KRW
377480,KQ,마음AI,Stock,KRW
378340,KQ,필에너지,Stock,KRW
378800,KQ,샤페론,Stock,KRW
380540,KQ,옵티코어,Stock,KRW
380550,KQ,뉴로핏,Stock,KRW
381620,KQ,제닉스로보틱스,Stock,KRW
382150,KQ,온코크로스,Stock,KRW
382480,KQ,지아이텍,Stock,KRW
382800,KQ,지앤비에스 에코,Stock,KRW
382840,KQ,원준,Stock,KRW
382900,KQ,범한퓨얼셀,Stock,KRW
383310,KQ,에코프로에이치엔,Stock,KRW
383930,KQ,디티앤씨알오,Stock,KRW
384470,KQ,코어라인소프트,Stock,KRW
387570,KQ,파인메딕스,Stock,KRW
388050,KQ,지투파워,Stock,KRW
388210,KQ,씨엠티엑스,Stock,KRW
388610,KQ,지에프씨생명과학,Stock,KRW
388720,KQ,유일로보틱스,Stock,KRW
388790,KQ,라이콤,Stock,KRW
388870,KQ,파로스아이바이오,Stock,KRW
389020,KQ,자람테크놀로지,Stock,KRW
389030,KQ,지니너스,Stock,KRW
389140,KQ,포바이포,Stock,KRW
389260,KQ,대명에너지,Stock,KRW
389470,KQ,인벤티지랩,Stock,KRW
389500,KQ,에스비비테크,Stock,KRW
389650,KQ,넥스트바이오메디컬,Stock,KRW
389680,KQ,유디엠텍,Stock,KRW
391710,KQ,코닉오토메이션,Stock,KRW
393210,KQ,토마토시스템,Stock,KRW
393890,KQ,더블유씨피,Stock,KRW
393970,KQ,대진첨단소재,Stock,KRW
394280,KQ,오픈엣지테크놀로지,Stock,KRW
394420,KQ,리센스메디컬,Stock,KRW
394800,KQ,쓰리빌리언,Stock,KRW
396270,KQ,넥스트칩,Stock,KRW
396300,KQ,세아메카닉스,Stock,KRW
396470,KQ,워트,Stock,KRW
397030,KQ,에이프릴바이오,Stock,KRW
397810,KQ,애드포러스,Stock,KRW
398120,KQ,에스지헬스케어,Stock,KRW
399720,KQ,가온칩스,Stock,KRW
402030,KQ,코난테크놀로지,Stock,KRW
402490,KQ,그린리소스,Stock,KRW
403490,KQ,우듬지팜,Stock,KRW
403850,KQ,더핑크퐁컴퍼니,Stock,KRW
403870,KQ,HPSP,Stock,KRW
405000,KQ,플라즈맵,Stock,KRW
405100,KQ,큐알티,Stock,KRW
405920,KQ,나라셀라,Stock,KRW
406820,KQ,뷰티스킨,Stock,KRW
407400,KQ,꿈비,Stock,KRW
408470,KQ,한패스,Stock,KRW
408900,KQ,스튜디오미르,Stock,KRW
408920,KQ,메쎄이상,Stock,KRW
411080,KQ,샌즈랩,Stock,KRW
412350,KQ,레이저쎌,Stock,KRW
412540,KQ,제일엠앤에스,Stock,KRW
413390,KQ,엠오티,Stock,KRW
413630,KQ,씨피시스템,Stock,KRW
413640,KQ,비아이매트릭스,Stock,KRW
415380,KQ,스튜디오삼익,Stock,KRW
416180,KQ,신성에스티,Stock,KRW
417010,KQ,나노팀,Stock,KRW
417180,KQ,핑거스토리,Stock,KRW
417200,KQ,LS머트리얼즈,Stock,KRW
417500,KQ,제이아이테크,Stock,KRW
417790,KQ,트루엔,Stock,KRW
417840,KQ,저스템,Stock,KRW
417860,KQ,오브젠,Stock,KRW
417970,KQ,모델솔루션,Stock,KRW
418250,KQ,시큐레터,Stock,KRW
418420,KQ,라온텍,Stock,KRW
418470,KQ,KT밀리의서재,Stock,KRW
418550,KQ,제이오,Stock,KRW
418620,KQ,E8,Stock,KRW
419050,KQ,삼기에너지솔루션즈,Stock,KRW
419080,KQ,엔젯,Stock,KRW
419120,KQ,산돌,Stock,KRW
419530,KQ,SAMG엔터,Stock,KRW
419540,KQ,비스토스,Stock,KRW
420570,KQ,제이투케이바이오,Stock,KRW
420770,KQ,기가비스,Stock,KRW
424760,KQ,벨로크,Stock,KRW
424870,KQ,이뮨온시아,Stock,KRW
424960,KQ,스마트레이더시스템,Stock,KRW
424980,KQ,마이크로투나노,Stock,KRW
425040,KQ,티이엠씨,Stock,KRW
425420,KQ,티에프이,Stock,KRW
429270,KQ,시지트로닉스,Stock,KRW
430690,KQ,한싹,Stock,KRW
431190,KQ,케이쓰리아이,Stock,KRW
432430,KQ,와이랩,Stock,KRW
432470,KQ,케이엔에스,Stock,KRW
432720,KQ,퀄리타스반도체,Stock,KRW
432980,KQ,엠에프씨,Stock,KRW
434480,KQ,모니터랩,Stock,KRW
435570,KQ,에르코스,Stock,KRW
437730,KQ,삼현,Stock,KRW
438700,KQ,버넥트,Stock,KRW
439090,KQ,마녀공장,Stock,KRW
439580,KQ,블루엠텍,Stock,KRW
439960,KQ,코스모로보틱스,Stock,KRW
440110,KQ,파두,Stock,KRW
440290,KQ,HB인베스트먼트,Stock,KRW
440320,KQ,오픈놀,Stock,KRW
441270,KQ,파인엠텍,Stock,KRW
443250,KQ,레뷰코퍼레이션,Stock,KRW
443670,KQ,에스피소프트,Stock,KRW
444530,KQ,심플랫폼,Stock,KRW
445090,KQ,에이직랜드,Stock,KRW
445180,KQ,퓨릿,Stock,KRW
445680,KQ,큐리옥스바이오시스템즈,Stock,KRW
446540,KQ,메가터치,Stock,KRW
446840,KQ,지슨,Stock,KRW
448280,KQ,에코아이,Stock,KRW
448710,KQ,코츠테크놀로지,Stock,KRW
448900,KQ,한국피아이엠,Stock,KRW
450330,KQ,하스,Stock,KRW
450520,KQ,인스웨이브,Stock,KRW
450950,KQ,아스테라시스,Stock,KRW
451220,KQ,아이엠티,Stock,KRW
451250,KQ,삐아,Stock,KRW
451700,KQ,엔에이치스팩29호,Stock,KRW
451760,KQ,컨텍,Stock,KRW
452160,KQ,제이엔비,Stock,KRW
452190,KQ,한빛레이저,Stock,KRW
452200,KQ,민테크,Stock,KRW
452280,KQ,한선엔지니어링,Stock,KRW
452300,KQ,캡스톤파트너스,Stock,KRW
452400,KQ,이닉스,Stock,KRW
452430,KQ,사피엔반도체,Stock,KRW
452450,KQ,피아이이,Stock,KRW
453450,KQ,그리드위즈,Stock,KRW
453860,KQ,에이에스텍,Stock,KRW
455180,KQ,케이지에이,Stock,KRW
455900,KQ,엔젤로보틱스,Stock,KRW
456010,KQ,아이씨티케이,Stock,KRW
456070,KQ,이엔셀,Stock,KRW
456160,KQ,지투지바이오,Stock,KRW
457370,KQ,한켐,Stock,KRW
457550,KQ,우진엔텍,Stock,KRW
457600,KQ,벡트,Stock,KRW
458350,KQ,에스팀,Stock,KRW
458650,KQ,성우,Stock,KRW
458870,KQ,씨어스,Stock,KRW
459100,KQ,위츠,Stock,KRW
459510,KQ,나우로보틱스,Stock,KRW
459550,KQ,알트,Stock,KRW
460470,KQ,아이빔테크놀로지,Stock,KRW
460870,KQ,에스엠씨지,Stock,KRW
460930,KQ,현대힘스,Stock,KRW
460940,KQ,피앤에스로보틱스,Stock,KRW
461030,KQ,아이엠비디엑스,Stock,KRW
461300,KQ,아이스크림미디어,Stock,KRW
462310,KQ,뉴키즈온,Stock,KRW
462350,KQ,이노스페이스,Stock,KRW
462510,KQ,라메디텍,Stock,KRW
462860,KQ,더즌,Stock,KRW
462980,KQ,아이지넷,Stock,KRW
463020,KQ,뉴엔AI,Stock,KRW
463480,KQ,모티브링크,Stock,KRW
464080,KQ,에스오에스랩,Stock,KRW
464280,KQ,티디에스팜,Stock,KRW
464440,KQ,한국제13호스팩,Stock,KRW
464490,KQ,쿼드메디슨,Stock,KRW
464500,KQ,아이언디바이스,Stock,KRW
464580,KQ,닷밀,Stock,KRW
464680,KQ,KB제27호스팩,Stock,KRW
465320,KQ,교보15호스팩,Stock,KRW
465480,KQ,인스피언,Stock,KRW
466100,KQ,클로봇,Stock,KRW
466410,KQ,사이냅소프트,Stock,KRW
466690,KQ,키움히어로제1호스팩,Stock,KRW
467930,KQ,IBKS제23호스팩,Stock,KRW
468530,KQ,프로티나,Stock,KRW
468760,KQ,유진스팩10호,Stock,KRW
469480,KQ,IBKS제24호스팩,Stock,KRW
469610,KQ,이노테크,Stock,KRW
469750,KQ,아이비젼웍스,Stock,KRW
469880,KQ,하나30호스팩,Stock,KRW
469900,KQ,하나31호스팩,Stock,KRW
471050,KQ,대신밸런스제17호스팩,Stock,KRW
471820,KQ,셀로맥스사이언스,Stock,KRW
472220,KQ,신영스팩10호,Stock,KRW
472230,KQ,에스케이증권제11호스팩,Stock,KRW
472850,KQ,폰드그룹,Stock,KRW
473000,KQ,에스케이증권제12호스팩,Stock,KRW
473050,KQ,유안타제15호스팩,Stock,KRW
473950,KQ,에스케이증권제13호스팩,Stock,KRW
473980,KQ,노머스,Stock,KRW
474170,KQ,루미르,Stock,KRW
474490,KQ,유안타제16호스팩,Stock,KRW
474610,KQ,RF시스템즈,Stock,KRW
474650,KQ,링크솔루션,Stock,KRW
474660,KQ,신한제12호스팩,Stock,KRW
474930,KQ,신한제13호스팩,Stock,KRW
475230,KQ,엔알비,Stock,KRW
475240,KQ,하나32호스팩,Stock,KRW
475250,KQ,하나33호스팩,Stock,KRW
475400,KQ,씨메스로보틱스,Stock,KRW
475430,KQ,키스트론,Stock,KRW
475460,KQ,미트박스,Stock,KRW
475580,KQ,에이럭스,Stock,KRW
475660,KQ,에스켐,Stock,KRW
475830,KQ,오름테라퓨틱,Stock,KRW
475960,KQ,토모큐브,Stock,KRW
476040,KQ,오가노이드사이언스,Stock,KRW
476060,KQ,온코닉테라퓨틱스,Stock,KRW
476080,KQ,M83,Stock,KRW
476830,KQ,알지노믹스,Stock,KRW
477340,KQ,에이치엠씨제7호스팩,Stock,KRW
477380,KQ,미래에셋비전스팩4호,Stock,KRW
477470,KQ,미래에셋비전스팩5호,Stock,KRW
477760,KQ,DB금융스팩12호,Stock,KRW
477850,KQ,마키나락스,Stock,KRW
478110,KQ,이베스트스팩6호,Stock,KRW
478340,KQ,나라스페이스테크놀로지,Stock,KRW
478390,KQ,KB제29호스팩,Stock,KRW
478440,KQ,미래에셋비전스팩6호,Stock,KRW
478560,KQ,블랙야크아이앤씨,Stock,KRW
479880,KQ,한국제15호스팩,Stock,KRW
479960,KQ,위너스일렉,Stock,KRW
481070,KQ,에이유브랜즈,Stock,KRW
481890,KQ,엔에이치스팩31호,Stock,KRW
482520,KQ,교보16호스팩,Stock,KRW
482630,KQ,삼양엔씨켐,Stock,KRW
482680,KQ,미래에셋비전스팩7호,Stock,KRW
482690,KQ,대신밸런스제19호스팩,Stock,KRW
484120,KQ,도우인시스,Stock,KRW
484130,KQ,하나34호스팩,Stock,KRW
484590,KQ,삼양컴텍,Stock,KRW
484810,KQ,티엑스알로보틱스,Stock,KRW
486630,KQ,KB제30호스팩,Stock,KRW
486990,KQ,노타,Stock,KRW
487360,KQ,신한제14호스팩,Stock,KRW
487580,KQ,폴레드,Stock,KRW
487720,KQ,키움제10호스팩,Stock,KRW
487830,KQ,신한제15호스팩,Stock,KRW
488060,KQ,유진스팩11호,Stock,KRW
488280,KQ,에스투더블유,Stock,KRW
488900,KQ,비츠로넥스텍,Stock,KRW
489210,KQ,교보17호스팩,Stock,KRW
489460,KQ,바이오비쥬,Stock,KRW
489480,KQ,키움제11호스팩,Stock,KRW
489500,KQ,엘케이켐,Stock,KRW
489730,KQ,디비금융제13호스팩,Stock,KRW
490470,KQ,세미파이브,Stock,KRW
491000,KQ,리브스메드,Stock,KRW
492220,KQ,KB제31호스팩,Stock,KRW
493280,KQ,아이엠바이오로직스,Stock,KRW
493330,KQ,지에프아이,Stock,KRW
493790,KQ,유안타제17호스팩,Stock,KRW
494120,KQ,큐리오시스,Stock,KRW
496070,KQ,신한제16호스팩,Stock,KRW
498390,KQ,한화플러스제5호스팩,Stock,KRW
